,,,General Data,,,,,,,,,Time to Reach,,,,,,,,,,,,,
Generation,No of Tanks,Time (s),Tanks Reached,Tanks Destroyed,Towers,Tanks have Tower Genes,,,Tank1,Tank2,Tank3,Tank4,Tank5,Tank6,Tank7,Tank8,Tank9,Tank10,Tank11,Tank12,Tank13,Tank14,Tank15,Tank16,Average Time
1,15,10,3,9,1,9,,,#N/A,2.93,#N/A,3.04,#N/A,#N/A,#N/A,#N/A,9.15,#N/A,#N/A,#N/A,#N/A,#N/A,#N/A,#N/A,7.54
2,16,10,3,7,0,16,,,#N/A,#N/A,#N/A,#N/A,#N/A,4.2,#N/A,#N/A,5.74,3.07,#N/A,#N/A,#N/A,#N/A,#N/A,#N/A,8.15
3,16,10,7,0,0,5,,,#N/A,#N/A,#N/A,#N/A,#N/A,4.46,6.12,3.26,3.47,3.68,5.37,3,#N/A,#N/A,#N/A,#N/A,7.49
4,16,10,12,0,0,0,,,#N/A,#N/A,#N/A,#N/A,3.29,3.01,4.65,3.58,3.15,3.15,2.88,3.74,2.88,4.04,3.15,4.04,5.11
5,16,8.34,16,0,0,0,,,3.46,3.61,3.02,3.16,4.11,2.89,3.61,3.16,8.18,2.89,3.61,3.16,3.16,3.77,3.32,3.61,3.67
6,16,10,15,0,0,0,,,3.84,2.96,7.13,#N/A,3.37,3.23,3.53,3.1,3.84,3.37,3.23,2.96,4.47,3.23,2.96,3.1,4.02
7,16,4.93,16,0,0,0,,,3.16,3,2.86,3.31,4.09,3.16,2.86,2.86,3.63,3,3.16,2.74,3,3.63,4.09,4.75,3.33
8,16,4.46,16,0,0,0,,,3.37,3.21,3.83,4.13,4.3,3.51,3.06,2.91,2.91,3.66,3.21,3.21,3.37,3.06,4.3,2.75,3.42
9,16,4.7,16,0,0,0,,,3.35,3.05,3.05,3.35,3.95,3.35,3.05,4.1,4.57,4.57,4.4,3.95,3.5,3.05,3.35,3.79,3.65
10,16,4.4,16,0,0,0,,,3.1,3.31,3.31,3.1,4.25,3.18,2.88,3.1,3.18,3.48,3.18,3.31,2.88,3.1,3.18,3.31,3.24
,,,,,,,,,,,,,,,,,,,,,,,,,
,,,,,,,,,,,,,,,,,,,,,,,,,
,,,,,,,,,,,,,,,,,,,,,,,,,
,,,,,,,,,,,,,,,,,,,,,,,,,
,,,,,,,,,,,,,,,,,,,,,,,,,
Generation,No of Tanks,Time (s),Tanks Reached,Tanks Destroyed,Towers,Tanks have Tower Genes,,,Tank1,Tank2,Tank3,Tank4,Tank5,Tank6,Tank7,Tank8,Tank9,Tank10,Tank11,Tank12,Tank13,Tank14,Tank15,Tank16,Average Time
1,15,10,1,13,1,13,,,#N/A,#N/A,#N/A,#N/A,3.97,#N/A,#N/A,#N/A,#N/A,#N/A,#N/A,#N/A,#N/A,#N/A,#N/A,#N/A,7.01
2,16,10,2,6,0,16,,,#N/A,#N/A,6.42,#N/A,#N/A,#N/A,#N/A,#N/A,#N/A,#N/A,#N/A,#N/A,#N/A,5.05,#N/A,#N/A,9.19
3,16,10,9,0,0,9,,,#N/A,#N/A,#N/A,3.34,#N/A,5.44,7.75,6.75,#N/A,#N/A,3.53,#N/A,2.84,2.94,3.15,3.24,6.83
4,16,10,16,0,0,11,,,3.41,3.66,2.83,4.2,4.04,2.83,4.63,5.69,3.93,9.98,3.06,2.93,4.63,4.04,3.17,4.33,4.21
5,16,8.82,16,0,0,0,,,3.51,8.29,7.76,7.93,5.31,3.05,6.23,4.12,3.05,4.12,8.64,7.76,3.22,7.76,3.22,3.22,5.45
6,16,5.56,16,0,0,0,,,4.03,3.36,3.36,3.03,4.88,2.87,3.36,3.19,3.03,3.36,3.36,3.7,5.24,2.87,3.19,4.21,3.56
7,16,6.72,16,0,0,0,,,3.3,3.84,3.14,3.84,2.97,2.97,2.97,3.46,3.84,2.97,3.46,2.82,2.97,6.53,4,3.14,3.51
8,16,5.66,16,0,0,0,,,3.32,3.15,3.01,2.85,3.01,3.32,3.15,3.15,5.55,3.32,5.25,4,2.85,4.9,4,3.84,3.67
9,16,5.18,16,0,0,0,,,5.01,3.92,3.39,3.23,2.91,3.39,4.09,3.92,3.23,3.92,4.27,3.57,3.23,3.23,3.57,3.57,3.65
10,16,4.41,16,0,0,0,,,3.52,3.17,3.17,3.17,3.88,2.85,3.71,3.17,2.85,3.02,4.05,3.17,3.71,3.52,4.22,3.52,3.42
,,,,,,,,,,,,,,,,,,,,,,,,,
,,,,,,,,,,,,,,,,,,,,,,,,,
,,,,,,,,,,,,,,,,,,,,,,,,,
,,,,,,,,,,,,,,,,,,,,,,,,,
,,,,,,,,,,,,,,,,,,,,,,,,,
Generation,No of Tanks,Time (s),Tanks Reached,Tanks Destroyed,Towers,Tanks have Tower Genes,,,Tank1,Tank2,Tank3,Tank4,Tank5,Tank6,Tank7,Tank8,Tank9,Tank10,Tank11,Tank12,Tank13,Tank14,Tank15,Tank16,Average Time
1,15,8.77,2,13,1,13,,,#N/A,#N/A,#N/A,#N/A,#N/A,#N/A,#N/A,#N/A,5.35,#N/A,#N/A,5.89,#N/A,#N/A,#N/A,#N/A,5.62
2,16,10,0,7,0,13,,,#N/A,#N/A,#N/A,#N/A,#N/A,#N/A,#N/A,#N/A,#N/A,#N/A,#N/A,#N/A,#N/A,#N/A,#N/A,#N/A,#N/A
3,16,10,7,0,0,1,,,#N/A,#N/A,3.74,4.1,3.23,2.99,#N/A,#N/A,4.74,7.94,3.11,#N/A,#N/A,#N/A,#N/A,#N/A,7.52
4,16,10,14,0,0,1,,,#N/A,#N/A,3.06,3.37,3.06,3.21,3.06,3.06,3.06,3.37,3.37,2.9,3.21,3.37,3.53,3.86,4.1
5,16,4.53,16,0,0,0,,,3.68,3.17,3.34,3.01,3.84,3.01,4.35,3.01,3.17,4,3.51,3.17,3.84,3.17,2.87,3.01,3.38
6,16,5.21,16,0,0,0,,,3.32,3.32,3.5,3.67,3.18,3.01,3.67,3.32,3.18,3.32,3.01,3.99,3.18,3.32,5.03,3.99,3.5
7,16,4.32,16,0,0,0,,,3.13,2.81,3.61,3.29,4.14,3.79,3.13,3.61,2.97,3.97,2.81,3.29,3.45,3.13,3.45,4.14,3.42
8,16,4.98,16,0,0,0,,,3.12,3.44,2.82,3.27,2.97,2.82,3.12,4.12,3.12,3.77,2.97,4.82,4.46,3.94,3.94,2.97,3.48
9,16,7.16,16,0,0,0,,,3.45,2.98,2.82,3.12,3.28,4.14,3.12,2.98,2.98,3.78,3.12,2.98,3.28,4.31,5.02,6.98,3.65
10,16,5.3,16,0,0,0,,,5.13,3.39,3.39,3.39,3.23,3.39,3.07,3.39,3.07,3.89,3.89,2.92,3.89,3.89,3.23,3.23,3.52
,,,,,,,,,,,,,,,,,,,,,,,,,
,,,,,,,,,,,,,,,,,,,,,,,,,
,,,,,,,,,,,,,,,,,,,,,,,,,
,,,,,,,,,,,,,,,,,,,,,,,,,
,,,,,,,,,,,,,,,,,,,,,,,,,
Generation,No of Tanks,Time (s),Tanks Reached,Tanks Destroyed,Towers,Tanks have Tower Genes,,,Tank1,Tank2,Tank3,Tank4,Tank5,Tank6,Tank7,Tank8,Tank9,Tank10,Tank11,Tank12,Tank13,Tank14,Tank15,Tank16,Average Time
1,15,10,5,7,1,7,,,5.98,#N/A,#N/A,#N/A,#N/A,4.82,#N/A,#N/A,#N/A,#N/A,#N/A,4.74,4.82,6.84,#N/A,#N/A,7.17
2,16,10,4,7,0,13,,,#N/A,#N/A,#N/A,6.73,5.57,#N/A,#N/A,#N/A,3.11,#N/A,3.11,#N/A,#N/A,#N/A,#N/A,#N/A,7.64
3,16,6.93,16,0,0,9,,,3.89,3.1,3.41,3.55,3.26,3.26,3.41,6.08,4.2,3.55,5.21,2.98,4.06,2.82,4.2,6.77,3.98
4,16,4.45,16,0,0,5,,,4.29,3.59,3.43,3.59,3.59,3.76,2.91,3.08,3.26,3.26,2.76,3.43,3.26,2.91,3.08,3.43,3.35
5,16,5.04,16,0,0,2,,,3.84,3.66,3,4.72,4.88,3.16,3,3.16,3.16,3.49,3,3.49,4,3.16,3.32,3.49,3.53
6,16,6.82,16,0,0,0,,,6.3,3.42,4.96,6.64,4.81,3.08,3.08,2.92,5.33,3.42,3.08,3.08,3.42,3.25,2.77,2.77,3.9
7,16,5.35,16,0,0,0,,,2.89,3.74,3.05,3.21,3.21,3.38,3.74,3.38,3.05,2.89,3.21,3.21,3.38,2.89,4.79,5.16,3.45
8,16,7.93,16,0,0,0,,,3.07,3.39,2.75,2.91,2.91,2.91,2.91,2.75,3.39,2.91,3.74,3.07,3.39,7.76,3.39,3.39,3.42
9,16,5.2,16,0,0,0,,,3.43,2.93,3.43,2.93,3.26,5,3.26,2.93,3.26,3.09,3.09,3.26,3.09,3.6,3.26,3.78,3.35
10,16,4.91,16,0,0,0,,,3.08,4.07,3.08,4.4,3.57,2.91,3.57,4.07,3.23,3.39,4.75,3.91,3.91,3.23,2.91,3.74,3.61
,,,,,,,,,,,,,,,,,,,,,,,,,
,,,,,,,,,,,,,,,,,,,,,,,,,
,,,,,,,,,,,,,,,,,,,,,,,,,
,,,,,,,,,,,,,,,,,,,,,,,,,
,,,,,,,,,,,,,,,,,,,,,,,,,
Generation,No of Tanks,Time (s),Tanks Reached,Tanks Destroyed,Towers,Tanks have Tower Genes,,,Tank1,Tank2,Tank3,Tank4,Tank5,Tank6,Tank7,Tank8,Tank9,Tank10,Tank11,Tank12,Tank13,Tank14,Tank15,Tank16,Average Time
1,15,10,0,12,1,12,,,#N/A,#N/A,#N/A,#N/A,#N/A,#N/A,#N/A,#N/A,#N/A,#N/A,#N/A,#N/A,#N/A,#N/A,#N/A,#N/A,#N/A
2,16,10,0,5,0,11,,,#N/A,#N/A,#N/A,#N/A,#N/A,#N/A,#N/A,#N/A,#N/A,#N/A,#N/A,#N/A,#N/A,#N/A,#N/A,#N/A,#N/A
3,16,10,3,0,0,3,,,#N/A,#N/A,#N/A,#N/A,#N/A,#N/A,#N/A,4.01,#N/A,#N/A,#N/A,3.23,#N/A,#N/A,#N/A,5.51,8.96
4,16,10,8,0,0,0,,,3.15,#N/A,#N/A,3.91,#N/A,#N/A,2.82,#N/A,#N/A,#N/A,6.27,#N/A,4.24,6.27,4.24,3.05,7.15
5,16,10,15,0,0,0,,,5.11,#N/A,4.17,3.45,3.61,3.29,4.33,3.74,3.16,3.16,2.88,4.8,4.65,5.59,4.17,3.03,4.32
6,16,6.75,16,0,0,0,,,3.46,3.16,2.84,3.64,4.5,3.46,4.5,4.15,3.16,3.16,4.5,6.56,3.3,5.01,3,4.33,3.92
7,16,10,15,0,0,1,,,3.06,4.47,5.83,4.81,4.47,3.21,4.01,3.06,3.52,5.67,3.37,#N/A,3.06,4.63,4.63,2.92,4.42
8,16,4.83,16,0,0,0,,,3.46,3.63,4.13,4.66,3.11,3.79,3.29,3.46,4.28,3.29,3.29,4.13,3.29,2.82,2.98,3.79,3.59
9,16,4.66,16,0,0,0,,,2.9,3.38,3.71,3.38,4.45,3.88,3.38,3.54,3.38,3.54,3.38,3.71,3.06,2.9,3.38,3.71,3.48
10,16,4.88,16,0,0,0,,,3.78,3.78,4.12,4.69,4.12,4.12,3.95,3.26,2.94,3.42,3.11,3.11,2.94,3.6,4.69,3.11,3.67
,,,,,,,,,,,,,,,,,,,,,,,,,
,,,,,,,,,,,,,,,,,,,,,,,,,
,,,,,,,,,,,,,,,,,,,,,,,,,
,,,,,,,,,,,,,,,,,,,,,,,,,
,,,,,,,,,,,,,,,,,,,,,,,,,
Generation,No of Tanks,Time (s),Tanks Reached,Tanks Destroyed,Towers,Tanks have Tower Genes,,,Tank1,Tank2,Tank3,Tank4,Tank5,Tank6,Tank7,Tank8,Tank9,Tank10,Tank11,Tank12,Tank13,Tank14,Tank15,Tank16,Average Time
1,15,10,2,9,1,9,,,#N/A,#N/A,#N/A,#N/A,#N/A,#N/A,#N/A,#N/A,#N/A,#N/A,#N/A,#N/A,4.28,#N/A,4.08,#N/A,8.09
2,16,10,4,7,0,14,,,3.43,#N/A,#N/A,#N/A,#N/A,#N/A,8.92,#N/A,#N/A,4.76,#N/A,3.68,#N/A,#N/A,#N/A,#N/A,7.89
3,16,10,13,0,0,2,,,#N/A,5.93,3.07,3.71,#N/A,#N/A,3.85,4.68,3.47,2.95,5.5,3.6,4.55,4.41,3.98,3.33,5.2
4,16,4.22,16,0,0,0,,,4.04,2.69,3.68,3.01,3.18,3.52,3.35,3.68,2.84,3.18,3.35,3.01,3.18,3.52,3.52,3.18,3.31
5,16,5.72,16,0,0,0,,,3.4,4.89,3.07,3.23,3.23,2.92,3.4,4.21,3.07,3.9,3.07,3.07,3.23,2.92,3.56,5.56,3.55
6,16,4.33,16,0,0,0,,,3.3,2.96,3.63,3.98,3.3,2.96,3.3,2.96,4.16,3.63,3.13,4.16,3.13,2.8,3.13,3.13,3.35
7,16,4.6,16,0,0,0,,,2.98,3.55,3.18,3.35,3.18,3.92,4.41,4.07,2.79,3.35,3.18,3.55,4.24,3.35,2.98,2.79,3.43
8,16,4.39,16,0,0,0,,,4.22,3.19,3.01,3.19,3.19,3.35,3.01,3.51,3.19,3.51,3.35,3.35,3.35,3.19,3.35,3.35,3.33
9,16,5.76,16,0,0,0,,,5.6,5.09,3.05,3.37,3.05,3.05,3.21,3.05,3.21,4.04,2.89,4.04,3.21,3.37,3.89,3.21,3.58
10,16,3.73,16,0,0,0,,,3.09,3.09,2.93,3.41,3.25,3.25,3.25,3.41,2.93,3.58,3.25,3.41,3.41,3.25,3.25,3.41,3.26
,,,,,,,,,,,,,,,,,,,,,,,,,
,,,,,,,,,,,,,,,,,,,,,,,,,
,,,,,,,,,,,,,,,,,,,,,,,,,
,,,,,,,,,,,,,,,,,,,,,,,,,
,,,,,,,,,,,,,,,,,,,,,,,,,
Generation,No of Tanks,Time (s),Tanks Reached,Tanks Destroyed,Towers,Tanks have Tower Genes,,,Tank1,Tank2,Tank3,Tank4,Tank5,Tank6,Tank7,Tank8,Tank9,Tank10,Tank11,Tank12,Tank13,Tank14,Tank15,Tank16,Average Time
1,15,10,3,8,1,8,,,5.5,#N/A,#N/A,4.44,5.96,#N/A,#N/A,#N/A,#N/A,#N/A,#N/A,#N/A,#N/A,#N/A,#N/A,#N/A,8.01
2,16,10,0,5,0,12,,,#N/A,#N/A,#N/A,#N/A,#N/A,#N/A,#N/A,#N/A,#N/A,#N/A,#N/A,#N/A,#N/A,#N/A,#N/A,#N/A,#N/A
3,16,10,9,0,0,1,,,9.68,2.9,9.44,3.48,#N/A,#N/A,#N/A,8.81,5.39,3.56,4.63,#N/A,#N/A,#N/A,#N/A,7.92,7.88
4,16,5.76,16,0,0,0,,,4.16,3.34,3.84,4.16,3.67,3.01,3.34,3.01,3.18,3.51,3.01,3.34,4.33,3.18,5.61,4.16,3.68
5,16,3.76,16,0,0,0,,,3.58,3.58,3.08,2.76,3.25,3.08,3.08,3.08,3.08,3.08,3.58,3.08,3.08,3.41,2.92,3.25,3.19
6,16,4.83,16,0,0,0,,,3.27,3.79,3.44,3.27,3.13,3.44,4.65,3.96,3.13,3.79,2.97,2.97,2.97,3.44,2.97,2.8,3.37
7,16,4.53,16,0,0,0,,,3.32,3.48,4.34,3.17,3.66,3.32,3.66,3.17,3.17,3.17,3.17,3.83,3.32,3.99,3.17,3.66,3.48
8,16,5.48,16,0,0,0,,,3.01,3.18,3.01,3.18,3.36,3.36,3.36,3.36,3.18,3.36,4.26,3.18,3.18,5.3,3.18,3.55,3.44
9,16,4.31,16,0,0,0,,,3.13,3.27,3.6,3.13,3.76,3.44,2.97,3.13,2.97,3.76,3.13,3.13,2.97,3.13,4.13,3.27,3.31
10,16,5.71,16,0,0,0,,,3.3,4.5,3.3,3.3,3.48,3.13,2.97,4.16,3.48,3.13,4.33,5.38,3.48,2.97,2.97,3.13,3.56
,,,,,,,,,,,,,,,,,,,,,,,,,
,,,,,,,,,,,,,,,,,,,,,,,,,
,,,,,,,,,,,,,,,,,,,,,,,,,
,,,,,,,,,,,,,,,,,,,,,,,,,
,,,,,,,,,,,,,,,,,,,,,,,,,
Generation,No of Tanks,Time (s),Tanks Reached,Tanks Destroyed,Towers,Tanks have Tower Genes,,,Tank1,Tank2,Tank3,Tank4,Tank5,Tank6,Tank7,Tank8,Tank9,Tank10,Tank11,Tank12,Tank13,Tank14,Tank15,Tank16,Average Time
1,15,10,3,8,1,8,,,#N/A,5.68,#N/A,#N/A,#N/A,#N/A,#N/A,#N/A,#N/A,#N/A,#N/A,5,#N/A,5.52,#N/A,#N/A,8.06
2,16,10,4,6,0,13,,,#N/A,#N/A,#N/A,9.95,#N/A,8.11,6.72,#N/A,#N/A,#N/A,#N/A,#N/A,#N/A,7.41,#N/A,#N/A,9.25
3,16,6.05,16,0,0,10,,,5.91,3.74,4.28,3.37,5.45,3.37,2.9,4.28,3.37,3.88,4.7,4.28,3.88,4.41,2.79,3.5,4.01
4,16,6.09,16,0,0,6,,,3.45,5.31,3.87,4.83,4.33,5.92,3.06,5.31,4.83,3.45,4.33,4.83,3.06,4.17,3.45,4.01,4.26
5,16,5.44,16,0,0,11,,,3.24,3.39,3.88,3.08,3.24,3.24,2.77,3.08,4.73,4.4,5.25,3.71,2.92,3.08,2.77,3.08,3.49
6,16,7.92,16,0,0,0,,,3.27,4.02,4.66,2.84,3.27,3.27,5.69,4.36,3.15,4.51,3.42,3.15,4.99,2.84,7.75,3.42,4.04
7,16,5.15,16,0,0,0,,,3.44,3.44,3.93,3.44,2.94,3.93,2.94,3.75,4.96,4.09,4.09,3.75,3.44,3.11,4.26,3.27,3.67
8,16,4.99,16,0,0,0,,,3.95,3.95,3.78,3.11,3.11,3.28,3.11,4.46,4.13,2.95,2.95,4.29,4.13,2.95,2.95,4.82,3.62
9,16,4.65,16,0,0,0,,,3.28,3.12,3.43,3.12,4.49,3.78,3.28,3.28,3.12,3.59,3.78,3.43,3.78,2.8,3.28,3.28,3.43
10,16,5.51,16,0,0,0,,,3.21,2.73,5.41,3.51,3.7,2.88,3.37,3.37,3.04,3.87,3.7,4.06,3.51,3.21,4.24,3.37,3.57
,,,,,,,,,,,,,,,,,,,,,,,,,
,,,,,,,,,,,,,,,,,,,,,,,,,
,,,,,,,,,,,,,,,,,,,,,,,,,
,,,,,,,,,,,,,,,,,,,,,,,,,
,,,,,,,,,,,,,,,,,,,,,,,,,
Generation,No of Tanks,Time (s),Tanks Reached,Tanks Destroyed,Towers,Tanks have Tower Genes,,,Tank1,Tank2,Tank3,Tank4,Tank5,Tank6,Tank7,Tank8,Tank9,Tank10,Tank11,Tank12,Tank13,Tank14,Tank15,Tank16,Average Time
1,15,10,2,11,1,11,,,#N/A,#N/A,#N/A,#N/A,#N/A,#N/A,#N/A,#N/A,#N/A,6.48,#N/A,#N/A,#N/A,#N/A,7.44,#N/A,8.5
2,16,10,3,6,0,14,,,#N/A,9.89,#N/A,#N/A,#N/A,3.11,#N/A,7.52,#N/A,#N/A,#N/A,#N/A,#N/A,#N/A,#N/A,#N/A,9.09
3,16,10,9,0,0,16,,,#N/A,5.16,#N/A,#N/A,#N/A,3.45,6.57,4.41,4.72,4.19,#N/A,3.68,#N/A,#N/A,3.78,3.34,6.85
4,16,8.17,16,0,0,2,,,3.3,6.29,3.3,6.79,7.49,6.11,8.01,5.94,5.2,6.46,3.14,3.62,7.31,3.14,3.75,3.3,5.2
5,16,10,15,0,0,6,,,#N/A,3.56,2.76,4.06,3.07,8.22,3.39,3.9,2.76,2.76,3.56,3.9,3.56,3.56,3.07,2.91,4.07
6,16,5.03,16,0,0,8,,,3.18,2.89,3.18,3.03,3.84,3.84,4,4.85,4.17,3.34,3.84,4,2.89,3.34,3.03,3.34,3.55
7,16,5.82,16,0,0,9,,,5.65,4.44,4.11,3.62,3.96,3.79,4.44,3.16,3.01,2.88,4.11,3.01,4.11,3.62,3.96,3.16,3.81
8,16,6.58,16,0,0,0,,,3.58,6.41,3.58,3.58,4.09,4.09,4.26,4.43,4.95,4.26,4.26,3.13,6.23,2.97,4.26,3.13,4.2
9,16,4.54,16,0,0,0,,,4.37,3.04,3.52,3.84,4.02,3.19,3.52,3.19,2.89,4.02,3.04,3.84,3.35,3.19,3.35,3.35,3.48
10,16,4.51,16,0,0,0,,,3.13,2.83,2.83,2.83,2.98,4.33,4.33,3.13,2.98,2.98,3.99,4.16,2.98,2.98,2.98,3.13,3.29
,,,,,,,,,,,,,,,,,,,,,,,,,
,,,,,,,,,,,,,,,,,,,,,,,,,
,,,,,,,,,,,,,,,,,,,,,,,,,
,,,,,,,,,,,,,,,,,,,,,,,,,
,,,,,,,,,,,,,,,,,,,,,,,,,
Generation,No of Tanks,Time (s),Tanks Reached,Tanks Destroyed,Towers,Tanks have Tower Genes,,,Tank1,Tank2,Tank3,Tank4,Tank5,Tank6,Tank7,Tank8,Tank9,Tank10,Tank11,Tank12,Tank13,Tank14,Tank15,Tank16,Average Time
1,15,10,1,10,1,10,,,#N/A,#N/A,#N/A,#N/A,#N/A,#N/A,#N/A,#N/A,#N/A,#N/A,2.85,#N/A,#N/A,#N/A,#N/A,#N/A,8.61
2,16,10,3,4,0,14,,,#N/A,#N/A,#N/A,#N/A,#N/A,#N/A,#N/A,#N/A,#N/A,#N/A,7.83,3.06,#N/A,2.75,#N/A,#N/A,8.67
3,16,10,8,0,0,1,,,#N/A,#N/A,#N/A,4.86,#N/A,5.82,#N/A,#N/A,3.63,5.47,3.1,6.42,3,#N/A,3.2,#N/A,7.24
4,16,10,14,0,0,0,,,#N/A,#N/A,3.72,2.96,2.96,3.41,4.38,4.21,2.96,5.33,3.41,3.41,3.72,4.04,3.41,4.21,4.51
5,16,5.06,16,0,0,0,,,3.31,3.47,3.99,3.8,3.99,4.16,4.89,3.99,3.16,3.16,3.16,3.31,3,3.47,3.31,3.16,3.58
6,16,6.15,16,0,0,0,,,2.9,3.05,3.36,4.04,3.36,2.9,3.36,3.19,3.05,3.19,3.36,3.52,3.86,3.36,3.05,5.99,3.47
7,16,4.99,16,0,0,0,,,4.63,3.76,3.76,4.27,3.6,2.95,3.76,3.92,2.95,3.92,3.6,3.76,3.45,3.27,4.81,3.76,3.76
8,16,6.83,16,0,0,0,,,5.78,5.24,3.37,2.9,6.65,4.04,3.86,3.06,3.21,3.21,3.53,3.86,3.37,3.21,3.53,3.86,3.92
9,16,4.28,16,0,0,0,,,3.08,4.11,3.08,3.42,3.08,3.08,2.77,3.08,3.25,3.08,3.42,3.75,3.59,3.08,3.08,3.08,3.25
10,16,4.1,16,0,0,0,,,3.07,3.22,3.22,3.39,3.07,2.9,2.9,2.9,3.07,3.92,3.07,3.57,3.07,3.92,3.74,3.39,3.28
,,,,,,,,,,,,,,,,,,,,,,,,,
,,,,,,,,,,,,,,,,,,,,,,,,,
,,,,,,,,,,,,,,,,,,,,,,,,,
,,,,,,,,,,,,,,,,,,,,,,,,,
,,,,,,,,,,,,,,,,,,,,,,,,,
Generation,No of Tanks,Time (s),Tanks Reached,Tanks Destroyed,Towers,Tanks have Tower Genes,,,Tank1,Tank2,Tank3,Tank4,Tank5,Tank6,Tank7,Tank8,Tank9,Tank10,Tank11,Tank12,Tank13,Tank14,Tank15,Tank16,Average Time
1,15,10,1,13,1,13,,,#N/A,#N/A,#N/A,#N/A,#N/A,#N/A,#N/A,#N/A,4.67,#N/A,#N/A,#N/A,#N/A,#N/A,#N/A,#N/A,7.36
2,16,10,1,6,0,12,,,#N/A,#N/A,#N/A,#N/A,#N/A,#N/A,#N/A,#N/A,#N/A,#N/A,#N/A,#N/A,6.31,#N/A,#N/A,#N/A,9.68
3,16,10,6,0,0,6,,,#N/A,#N/A,8.18,#N/A,#N/A,#N/A,#N/A,#N/A,6.74,2.74,2.74,#N/A,2.96,9.88,#N/A,#N/A,8.36
4,16,10,12,0,0,0,,,#N/A,7.96,#N/A,#N/A,2.96,#N/A,4.06,3.83,4.18,4.06,6.92,7.64,5.52,5.45,4.06,4.67,6.34
5,16,5.23,16,0,0,0,,,3.37,3.84,3.84,5.05,3.68,3.54,4.54,4.36,4.18,3.04,4.18,3.21,3.04,3.84,2.71,3.21,3.73
6,16,6.32,16,0,0,0,,,2.94,2.79,4.57,3.09,2.94,3.09,4.4,5.46,3.23,3.88,4.23,3.88,3.09,2.94,6.15,3.09,3.74
7,16,6.25,16,0,0,0,,,5.92,3.53,3.53,3.05,3.36,2.89,3.05,3.19,3.05,2.89,6.07,2.73,4.2,3.7,3.05,4.2,3.65
8,16,7.28,16,0,0,0,,,7.11,3.33,3.33,4.17,2.84,5.21,3.48,3.99,4.86,3.65,3.16,3.48,3.33,3,2.84,2.84,3.79
9,16,7.33,16,0,0,0,,,3.89,4.23,6.12,4.23,3.72,4.23,3.89,3.72,3.25,3.72,2.93,4.57,3.09,2.93,4.23,7.15,4.12
10,16,8.65,16,0,0,0,,,3.58,5.83,6.17,4.1,2.94,3.58,4.27,3.42,3.25,3.25,3.25,3.1,8.47,2.8,3.42,6.17,4.22
,,,,,,,,,,,,,,,,,,,,,,,,,
,,,,,,,,,,,,,,,,,,,,,,,,,
,,,,,,,,,,,,,,,,,,,,,,,,,
,,,,,,,,,,,,,,,,,,,,,,,,,
,,,,,,,,,,,,,,,,,,,,,,,,,
Generation,No of Tanks,Time (s),Tanks Reached,Tanks Destroyed,Towers,Tanks have Tower Genes,,,Tank1,Tank2,Tank3,Tank4,Tank5,Tank6,Tank7,Tank8,Tank9,Tank10,Tank11,Tank12,Tank13,Tank14,Tank15,Tank16,Average Time
1,15,10,3,10,1,10,,,#N/A,6.1,#N/A,#N/A,#N/A,#N/A,#N/A,#N/A,#N/A,5.39,3.54,#N/A,#N/A,#N/A,#N/A,#N/A,7.03
2,16,10,3,8,0,15,,,#N/A,#N/A,#N/A,5.08,#N/A,4.56,#N/A,#N/A,#N/A,#N/A,#N/A,#N/A,6.11,#N/A,#N/A,#N/A,8.25
3,16,10,9,0,0,8,,,4.08,4.26,6.89,4.26,3.69,#N/A,#N/A,3.15,#N/A,#N/A,#N/A,#N/A,5.53,7.52,#N/A,8.43,7.38
4,16,7.36,16,0,0,1,,,3.58,3.75,5.07,2.93,6.84,3.24,7.01,3.41,7.19,3.09,3.41,4.56,3.09,3.24,3.58,3.24,4.2
5,16,7.55,16,0,0,0,,,3.67,4.36,3.34,2.83,7.37,3.67,3.17,4.19,3,3,3.84,6.33,3.17,3.67,3,3.5,3.88
6,16,4.14,16,0,0,0,,,2.8,3.1,3.44,3.44,3.44,3.44,2.94,3.1,3.44,3.1,3.96,3.44,3.79,3.1,3.27,3.44,3.33
7,16,4.11,16,0,0,0,,,3.43,3.43,3.43,3.43,3.59,3.59,3.75,2.79,2.94,3.59,3.75,3.25,3.43,3.92,3.08,3.43,3.43
8,16,4.74,16,0,0,0,,,3.56,4.57,3.56,3.23,3.06,3.56,2.92,3.39,2.92,3.23,3.56,3.71,3.06,3.06,2.92,2.92,3.33
9,16,4.25,16,0,0,0,,,3.38,3.05,2.89,3.05,2.89,4.07,3.05,2.89,3.22,3.05,2.89,3.22,3.22,3.38,3.55,3.72,3.22
10,16,4.55,16,0,0,0,,,4.18,4.36,3.33,3.16,2.84,3.67,2.84,3.33,3,3.33,3.5,3,3.33,3.5,3.67,3.67,3.42
,,,,,,,,,,,,,,,,,,,,,,,,,
,,,,,,,,,,,,,,,,,,,,,,,,,
,,,,,,,,,,,,,,,,,,,,,,,,,
,,,,,,,,,,,,,,,,,,,,,,,,,
,,,,,,,,,,,,,,,,,,,,,,,,,
Generation,No of Tanks,Time (s),Tanks Reached,Tanks Destroyed,Towers,Tanks have Tower Genes,,,Tank1,Tank2,Tank3,Tank4,Tank5,Tank6,Tank7,Tank8,Tank9,Tank10,Tank11,Tank12,Tank13,Tank14,Tank15,Tank16,Average Time
1,15,10,0,10,1,10,,,#N/A,#N/A,#N/A,#N/A,#N/A,#N/A,#N/A,#N/A,#N/A,#N/A,#N/A,#N/A,#N/A,#N/A,#N/A,#N/A,#N/A
2,16,10,3,5,0,11,,,5.38,#N/A,#N/A,3.22,#N/A,9.81,#N/A,#N/A,#N/A,#N/A,#N/A,#N/A,#N/A,#N/A,#N/A,#N/A,8.98
3,16,10,9,0,0,9,,,#N/A,3.12,3.82,3.82,3.36,2.95,4.88,3.2,#N/A,4.18,#N/A,6.3,#N/A,#N/A,#N/A,#N/A,6.62
4,16,5.79,16,0,0,6,,,4.2,3.87,3.56,3.25,4.2,2.94,4.03,3.87,3.56,2.94,5.62,5.19,3.25,5.53,3.1,4.53,3.98
5,16,6.31,16,0,0,4,,,2.89,4.57,6.16,3.33,4.57,4.57,4.72,3.62,5.97,4.57,3.76,3.33,5.8,3.03,4.89,4.57,4.4
6,16,8.88,16,0,0,8,,,5.01,4.32,3.07,3.38,3.07,3.68,4.01,2.91,6.79,8.7,2.76,3.68,4.5,5.19,4.5,3.22,4.3
7,16,6.63,16,0,0,16,,,3.2,3.66,4.46,6.46,5.19,4.14,5,6.08,2.9,2.9,3.66,5.19,4.14,5.9,2.9,5.9,4.48
8,16,8.89,16,0,0,0,,,4.06,2.99,3.91,5.05,4.55,3.91,6.11,4.55,8.69,2.99,5.94,2.99,3.3,5.69,3.46,4.06,4.52
9,16,5.31,16,0,0,0,,,5.13,3.07,4.6,4.08,2.92,4.43,4.08,2.92,3.24,3.07,3.74,4.08,2.92,4.6,3.24,3.24,3.71
10,16,4.68,16,0,0,0,,,3.25,3.41,3.41,3.07,3.25,3.25,3.97,2.74,3.25,3.07,2.9,3.07,3.07,4.5,3.25,3.25,3.29
,,,,,,,,,,,,,,,,,,,,,,,,,
,,,,,,,,,,,,,,,,,,,,,,,,,
,,,,,,,,,,,,,,,,,,,,,,,,,
,,,,,,,,,,,,,,,,,,,,,,,,,
,,,,,,,,,,,,,,,,,,,,,,,,,
Generation,No of Tanks,Time (s),Tanks Reached,Tanks Destroyed,Towers,Tanks have Tower Genes,,,Tank1,Tank2,Tank3,Tank4,Tank5,Tank6,Tank7,Tank8,Tank9,Tank10,Tank11,Tank12,Tank13,Tank14,Tank15,Tank16,Average Time
1,15,10,2,10,1,10,,,#N/A,2.73,#N/A,#N/A,#N/A,#N/A,#N/A,#N/A,#N/A,4.36,#N/A,#N/A,#N/A,#N/A,#N/A,#N/A,7.45
2,16,10,4,1,0,12,,,#N/A,#N/A,#N/A,#N/A,#N/A,#N/A,#N/A,#N/A,4.58,3.23,9.67,5.19,#N/A,#N/A,#N/A,#N/A,8.88
3,16,10,10,0,0,9,,,4.17,#N/A,4.9,#N/A,#N/A,8.84,#N/A,#N/A,3.36,#N/A,3.24,3.12,3.12,3.12,3.47,3.94,6.35
4,16,7.37,16,0,0,2,,,3.03,4.18,3.83,3.34,3.17,3.83,7.2,3.34,2.72,7.2,3.83,3.03,3.34,3.17,3.03,3.34,3.85
5,16,6.1,16,0,0,0,,,5.91,2.93,5.76,4.65,3.77,3.59,3.09,3.26,2.93,3.94,4.1,3.94,3.09,2.93,3.77,3.09,3.8
6,16,5.64,16,0,0,0,,,3.03,3.86,3.03,3.54,5.31,4.04,2.87,3.03,4.04,2.87,3.86,3.7,4.22,3.19,3.19,3.86,3.6
7,16,5.71,16,0,0,0,,,3.54,3.21,5.55,3.21,3.7,3.54,3.7,2.91,3.21,4.59,2.91,4.07,3.54,4.78,3.37,4.07,3.74
8,16,4.42,16,0,0,0,,,4.24,3.54,3.2,3.37,3.04,3.89,3.2,3.54,2.87,3.37,3.89,3.04,2.87,2.71,3.04,2.87,3.29
9,16,4.69,16,0,0,0,,,3.1,3.96,3.61,3.78,3.1,3.61,4.51,3.1,3.96,3.26,3.1,3.26,3.96,3.43,4.14,3.1,3.56
10,16,4.34,16,0,0,0,,,3.32,2.98,3.32,3.15,2.98,3.32,4.16,3.15,3.65,3.65,3.32,2.98,2.69,3.32,3.65,3.15,3.3
,,,,,,,,,,,,,,,,,,,,,,,,,
,,,,,,,,,,,,,,,,,,,,,,,,,
,,,,,,,,,,,,,,,,,,,,,,,,,
,,,,,,,,,,,,,,,,,,,,,,,,,
,,,,,,,,,,,,,,,,,,,,,,,,,
Generation,No of Tanks,Time (s),Tanks Reached,Tanks Destroyed,Towers,Tanks have Tower Genes,,,Tank1,Tank2,Tank3,Tank4,Tank5,Tank6,Tank7,Tank8,Tank9,Tank10,Tank11,Tank12,Tank13,Tank14,Tank15,Tank16,Average Time
1,15,10,3,9,1,9,,,#N/A,#N/A,#N/A,#N/A,#N/A,#N/A,4.55,#N/A,2.9,#N/A,8.71,#N/A,#N/A,#N/A,#N/A,#N/A,7.72
2,16,10,7,0,0,6,,,#N/A,#N/A,2.91,5.68,6.51,6.71,#N/A,#N/A,3.97,#N/A,#N/A,#N/A,#N/A,3.21,#N/A,4.49,7.75
3,16,10,14,0,0,5,,,#N/A,#N/A,9.72,3.13,3.13,2.85,4.4,4.25,4.68,4.68,3.42,3.83,3.69,4.1,3.83,3.83,4.98
4,16,4.6,16,0,0,0,,,3.42,3.6,3.93,3.26,4.42,3.93,3.09,4.28,2.93,2.93,2.76,3.26,3.6,3.26,3.6,3.93,3.51
5,16,4.56,16,0,0,0,,,4.39,4.02,3.33,3.17,2.85,3.33,3.33,3.86,3.33,2.85,3.01,3.33,3.01,3.17,3.86,3.5,3.4
6,16,4.66,16,0,0,0,,,3.46,3.13,3.13,3.95,3.29,3.13,2.97,4.13,4.3,2.97,4.48,3.46,3.13,4.13,3.79,3.29,3.55
7,16,4.76,16,0,0,0,,,4.24,4.24,4.58,3.9,3.4,3.57,3.23,4.07,3.9,2.91,2.75,3.23,2.75,3.23,3.4,2.91,3.52
8,16,6.21,16,0,0,0,,,2.86,3.19,4.2,4.2,3.19,3.36,2.86,3.02,4.2,3.85,4.02,3.36,3.02,3.02,6.02,2.7,3.57
9,16,4.48,16,0,0,0,,,3.6,3.25,3.25,3.25,3.6,2.94,3.95,4.13,4.13,3.6,3.1,3.25,4.31,3.25,4.31,3.42,3.58
10,16,4.43,16,0,0,0,,,2.9,2.9,4.25,3.9,3.05,3.21,3.21,3.54,2.9,3.21,2.9,3.21,3.21,2.9,3.05,3.21,3.22
,,,,,,,,,,,,,,,,,,,,,,,,,
,,,,,,,,,,,,,,,,,,,,,,,,,
,,,,,,,,,,,,,,,,,,,,,,,,,
,,,,,,,,,,,,,,,,,,,,,,,,,
,,,,,,,,,,,,,,,,,,,,,,,,,
Average,,,,,,,,,,,,,,,,,,,,,,,,,
Generation,No of Tanks,Time (s),Tanks Reached,Tanks Destroyed,Towers,Tanks have Tower Genes,,,Average Time,,,,,,,,,,,,,,,,
1,15,9.918,2.066666667,10.13333333,1,10.13333333,,,#N/A,,,,,,,,,,,,,,,,
2,16,10,2.733333333,5.333333333,0,12.8,,,#N/A,,,,,,,,,,,,,,,,
3,16,9.532,9.666666667,0,0,6.266666667,,,6.643333333,,,,,,,,,,,,,,,,
4,16,7.587333333,14.66666667,0,0,2.266666667,,,4.450666667,,,,,,,,,,,,,,,,
5,16,6.430666667,15.86666667,0,0,1.533333333,,,3.829333333,,,,,,,,,,,,,,,,
6,16,6.149333333,15.93333333,0,0,1.066666667,,,3.68,,,,,,,,,,,,,,,,
7,16,5.591333333,15.93333333,0,0,1.733333333,,,3.673333333,,,,,,,,,,,,,,,,
8,16,5.844666667,16,0,0,0,,,3.639333333,,,,,,,,,,,,,,,,
9,16,5.1,16,0,0,0,,,3.534666667,,,,,,,,,,,,,,,,
10,16,4.940666667,16,0,0,0,,,3.458,,,,,,,,,,,,,,,,





Generation,No of Tanks,Time (s),Tanks Reached,Tanks Destroyed,Towers,Tanks have Tower Genes,,,Tank1,Tank2,Tank3,Tank4,Tank5,Tank6,Tank7,Tank8,Tank9,Tank10,Tank11,Tank12,Tank13,Tank14,Tank15,Tank16,Average Time





Generation,No of Tanks,Time (s),Tanks Reached,Tanks Destroyed,Towers,Tanks have Tower Genes,,,Tank1,Tank2,Tank3,Tank4,Tank5,Tank6,Tank7,Tank8,Tank9,Tank10,Tank11,Tank12,Tank13,Tank14,Tank15,Tank16,Average Time





Generation,No of Tanks,Time (s),Tanks Reached,Tanks Destroyed,Towers,Tanks have Tower Genes,,,Tank1,Tank2,Tank3,Tank4,Tank5,Tank6,Tank7,Tank8,Tank9,Tank10,Tank11,Tank12,Tank13,Tank14,Tank15,Tank16,Average Time





Generation,No of Tanks,Time (s),Tanks Reached,Tanks Destroyed,Towers,Tanks have Tower Genes,,,Tank1,Tank2,Tank3,Tank4,Tank5,Tank6,Tank7,Tank8,Tank9,Tank10,Tank11,Tank12,Tank13,Tank14,Tank15,Tank16,Average Time
